{
  "caf-components-tf-module": 0.9855809211730957,
  "caf-components-platform": 1.430098056793213
}
